SKU,Nombre,Descripción,Marca,Categoría,Precio,Imagen,URL
001-387868,Anillo Lavadora 387868 Whirlpool,Anillo para Lavadora 387868 Whirlpool.,,Anillo levas,Bs.0.00+ IVA,images/001-387868.jpg,https://refrigeracionbarbosa.com/producto/anillo-lavadora-387868-whirlpool/
001-389229,Base Engranaje Lavadora 389229 Whirlpool,Base de Engranaje para Lavadora 389229 Whirlpool.,,Base Soportes,Bs.0.00+ IVA,images/001-389229.jpg,https://refrigeracionbarbosa.com/producto/base-engranaje-lavadora-389229-whirlpool/
001-350044,Soporte Lavadora 350044 Whirlpool,Soporte para Lavadora 350044 Whirlpool.,,Base Soportes,Bs.0.00+ IVA,images/001-350044.jpg,https://refrigeracionbarbosa.com/producto/soporte-lavadora-350044-whirlpool/
18-024461,Compresor 1/2HP R134a 110V Alta CAJ4461A Tecumseh,Compresor 1/2HP R134a 110V Alta CAJ4461A Tecumseh. Compresor doméstico para aplicaciones comerciales en refrigeración en R134a.,,Compresores,Bs.0.00+ IVA,images/18-024461.jpg,https://refrigeracionbarbosa.com/producto/compresor-1-2hp-r134a-110v-alta-caj4461a-tecumseh/
18-024461Y,Compresor 1/2HP R134a 110V Alta CAJ4461Y Tecumseh,Compresor 1/2HP R134a 110V Alta CAJ4461Y Tecumseh. Compresor doméstico para aplicaciones comerciales en refrigeración en R134a.,,Compresores,Bs.0.00+ IVA,images/18-024461Y.jpg,https://refrigeracionbarbosa.com/producto/compresor-1-2hp-r134a-110v-alta-caj4461y-tecumseh/
18-05205,Compresor 1/6HP R134a 110V FN57Q12G Wanbao,Compresor 1/6HP R134a 110V FN57Q12G Wanbao. Compresor doméstico para aplicaciones comerciales en refrigeración en R134a.,,Compresores,Bs.0.00+ IVA,images/18-05205.jpg,https://refrigeracionbarbosa.com/producto/compresor-1-6hp-r134a-110v-fn57q12g-wanbao/
18-024511,Compresor 1HP R12 220V Monofásico CAJ4511A Tecumseh,Compresor 1HP R12 220V Monofásico CAJ4511A Tecumseh. Compresor doméstico para aplicaciones comerciales en refrigeración en R12.,,Compresores,$0.00+ IVA,images/18-024511.jpg,https://refrigeracionbarbosa.com/producto/compresor-1hp-r12-220v-monofasico-caj4511a-tecumseh/
18-024492Y,Compresor 3/4HP R134a 220V Alta CAJ4492Y Tecumseh,Compresor 3/4HP R134a 220V Alta CAJ4492Y Tecumseh. Compresor doméstico para aplicaciones comerciales en refrigeración en R134a.,,Compresores,Bs.0.00+ IVA,images/18-024492Y.jpg,https://refrigeracionbarbosa.com/producto/compresor-3-4hp-r134a-220v-alta-caj4492y-tecumseh/
13-13722,Correa Lavadora 3L-260,"Esta correa de transmisión de goma estilo V se desliza sobre el motor de la polea para llevar la canasta a la velocidad requerida. Si nota un olor a goma quemada o ruidos provenientes de su lavadora, su lavadora no arranca, no drena, no centrifuga correctamente (no centrifuga / gira lentamente / no agita correctamente), o si su lavadora tiembla o se mueve durante el ciclo; revise su correa de transmisión en busca de signos de desgaste.",,Correas,$0.00+ IVA,images/13-13722.jpg,https://refrigeracionbarbosa.com/producto/correa-lavadora-3l-260/
001-32044,Manguera Tina Bomba Lavadora EW907,"Manguera de uso doméstico para la entrada de agua a la tina por la bomba, para lavadoras Samsung de diferentes modelos.",,Mangueras,Bs.0.00+ IVA,images/001-32044.jpg,https://refrigeracionbarbosa.com/producto/manguera-tina-bomba-lavadora-ew907/
001-320440,Perilla Lavadora 320440 Whirlpool,"La perilla está asegurada al conjunto del dial, lo que permite al usuario seleccionar el ciclo de lavado. No se requieren herramientas para instalar o reemplazar la perilla del temporizador. Sin embargo, se recomienda tener un alicate y un destornillador, por si acaso tienes que hacer algunos ajustes.",,Perillas,$0.00+ IVA,images/001-320440.jpg,https://refrigeracionbarbosa.com/producto/perilla-lavadora-320440-whirlpool/
001-131498301,Polea Lavadora 131498301 Frigidaire Electrolux,La razón más común para reemplazar la polea motriz es cuando el motor está funcionando pero la lavadora no gira ni se agita.,,Poleas,Bs.0.00+ IVA,images/001-131498301.jpg,https://refrigeracionbarbosa.com/producto/polea-lavadora-131498301-frigidaire-electrolux-2/
003-DC9630064A,Polea Motor Secadora DC93-00634A Samsung,Esta parte mantiene la cantidad correcta de tensión para que la correa gire el tambor. Esto efectivamente hace girar el tambor.,,Poleas,Bs.0.00+ IVA,images/003-DC9630064A.jpg,https://refrigeracionbarbosa.com/producto/polea-motor-secadora-dc93-00634a-samsung/
001-388492,Resorte Lavadora 388492 Whirlpool,Pequeño resorte excéntrico para lavadoras con transmisiones Frigidaire Electrolux. Esta pieza con el tiempo presenta desgaste.,,Resortes,Bs.0.00+ IVA,images/001-388492.jpg,https://refrigeracionbarbosa.com/producto/resorte-lavadora-388492-whirlpool/
001-3204425,Resorte Polea Lavadora 3204425 Frigidaire,"El resorte para la transmisión de la lavadora 3204425 Frigidaire, sirve como reducir la vibración y retener que no filtre el agua.",,Resortes,Bs.0.00+ IVA,images/001-3204425.png,https://refrigeracionbarbosa.com/producto/resorte-polea-lavadora-3204425-frigidaire/
001-3204428,Resorte Polea Lavadora 3204428 Frigidaire,"El resorte para la transmisión de la lavadora General, sirve como reducir la vibración y retener que no filtre el agua.",,Resortes,Bs.0.00+ IVA,images/001-3204428.jpg,https://refrigeracionbarbosa.com/producto/resorte-polea-lavadora-3204428-frigidaire/
001-131000,Rolinera Ratchet Lavadora 6205 134780500 Frigidaire Koyo,"Rodamiento ratchet o de embrague unidireccional, calza en el agitador de las lavadoras Frigidaire Electrolux, es importante posicionarlo correctamente, porque al ser un rodamiento tipo ratchet, posee un solo sentido de giro, en contra de las agujas del reloj, si se coloca en la posición equivocada, entonces la transmisión no podrá girar.",,Rolineras Rodamientos,Bs.0.00+ IVA,images/001-131000.jpg,https://refrigeracionbarbosa.com/producto/rolinera-6205-134780500/
001-359807,Switch Puerta Lavadora 359807 Whirlpool,El interruptor de la cerradura de la puerta 359807 bloquea la puerta de la lavadora para evitar que la puerta se abra durante el lavado y el ciclo de giro.,,Switchs,Bs.0.00+ IVA,images/001-359807.jpg,https://refrigeracionbarbosa.com/producto/switch-puerta-lavadora-359807-whirlpool/
001-WE4M416,Switch Start Secadora WE4M416 Mabe GE,"Las secadoras, lavadoras y combinaciones de lavadora-secadora a menudo se activan mediante un interruptor de empuje para encender ubicado en la parte delantera de la máquina. Cuando el usuario presiona el botón, envía un mensaje al dispositivo para que se encienda",,Switchs,$0.00+ IVA,images/001-WE4M416.jpg,https://refrigeracionbarbosa.com/producto/switch-start-secadora-we4m416-mabe-ge/
001-30241120003,Válvula Lavadora 302411200037 Daewoo,Esta parte corrige los siguientes síntomas: No dejará de llenarse de agua. Válvula de entrada de agua con interruptor de vacío.,,Válvulas Reguladoras de Presión,Bs.0.00+ IVA,images/001-30241120003.jpg,https://refrigeracionbarbosa.com/producto/valvula-lavadora-302411200037-daewoo/
